Column1,Column2,Column3
0.7292974039053642,0.7819617211164094,0.40330357189352506
0.5663959575989087,0.19737481576763516,0.7614880806524028
0.49339525087114666,0.8892331030638596,0.25974003379757427
0.3540933706159066,0.5925590201899631,0.4525199915444743
0.20687095424217639,0.4586677286595112,0.4875136595801084
